tau,freq
0.0,2.985961501998355e-06
0.1,7.464903754995887e-07
0.2,1.119735563249383e-06
0.3,1.119735563249383e-06
0.4,3.7324518774979432e-06
0.5,8.957884505995064e-06
0.6,1.6049543073241157e-05
0.7,2.7993389081234575e-05
0.8,4.62824032809745e-05
0.9,5.412055222372018e-05
1.0,6.755737898271277e-05
1.1,7.576877311320826e-05
1.2,0.00010413540738219263
1.3,0.00011981170526768398
1.4,0.00013100906090017782
1.5,0.00014145992615717206
1.6,0.0001448191328469202
1.7,0.00016460112779765931
1.8,0.00017617172861790294
1.9,0.00018848881981364614
2.0,0.00017691821899340252
2.1,0.000185129613123898
2.2,0.00019184802650339428
2.3,0.00018774232943814654
2.4,0.000185129613123898
2.5,0.00018923531018914572
2.6,0.00018251689680964944
2.7,0.000185129613123898
2.8,0.00019334100725439346
2.9,0.0002056580984501367
3.0,0.00017617172861790294
3.1,0.00018960855537689553
3.2,0.00017990418049540087
3.3,0.00018662259387489718
3.4,0.00016833357967515724
3.5,0.00016646735373640828
3.6,0.00016833357967515724
3.7,0.00017505199305465355
3.8,0.00016908007005065684
3.9,0.00015638973366716383
4.0,0.00014967132028766752
4.1,0.00014220641653267164
4.2,0.00013735422909192432
4.3,0.00014855158472441816
4.4,0.0001388472098429235
4.5,0.00013436826758992596
4.6,0.0001388472098429235
4.7,0.00013026257052467822
4.8,0.00013548800315317535
4.9,0.00014519237803467
5.0,0.00013474151277767575
5.1,0.00014631211359791938
5.2,0.00013436826758992596
5.3,0.00012802309939817947
5.4,0.00011943846007993418
5.5,0.00011160031113718851
5.6,0.00010637487850869139
5.7,9.181831618644941e-05
5.8,9.107182581094982e-05
5.9,8.995209024770043e-05
6.0,9.517752287619755e-05
6.1,8.65928835579523e-05
6.2,8.621963837020249e-05
6.3,7.95012249907062e-05
6.4,7.800824423970702e-05
6.5,7.763499905195722e-05
6.6,8.733937393345188e-05
6.7,0.00010264242663119344
6.8,8.50999028069531e-05
6.9,9.032533543545024e-05
7.0,8.286043168045434e-05
7.1,8.248718649270455e-05
7.2,7.352930198670949e-05
7.3,7.128983086021073e-05
7.4,7.987447017845598e-05
7.5,7.95012249907062e-05
7.6,6.867711454596216e-05
7.7,6.867711454596216e-05
7.8,7.726175386420743e-05
7.9,7.27828116112099e-05
8.0,7.838148942745681e-05
8.1,6.830386935821236e-05
8.2,6.345168191746504e-05
8.3,7.017009529696134e-05
8.4,6.121221079096628e-05
8.5,6.494466266846422e-05
8.6,5.449379741146997e-05
8.7,6.046572041546669e-05
8.8,5.150783590947162e-05
8.9,5.449379741146997e-05
9.0,6.419817229296463e-05
9.1,6.0092475227716886e-05
9.2,6.121221079096628e-05
9.3,6.083896560321648e-05
9.4,5.598677816246915e-05
9.5,5.038810034622224e-05
9.6,4.516266771772512e-05
9.7,4.8521874407473266e-05
9.8,4.366968696672594e-05
9.9,4.031048027697779e-05
10.0,4.553591290547491e-05
10.1,4.702889365647409e-05
10.2,4.217670621572676e-05
10.3,4.964160997072265e-05
10.4,4.740213884422388e-05
10.5,4.217670621572676e-05
10.6,3.9190744713728404e-05
10.7,3.769776396272923e-05
10.8,3.8444254338228816e-05
10.9,4.217670621572676e-05
11.0,3.5831538023980256e-05
11.1,3.9190744713728404e-05
11.2,3.3965312085231285e-05
11.3,3.3965312085231285e-05
11.4,3.807100915047902e-05
11.5,3.359206689748149e-05
11.6,3.1352595770982726e-05
11.7,3.097935058323293e-05
11.8,3.0232860207733343e-05
11.9,3.769776396272923e-05
12.0,2.7246898705734986e-05
12.1,3.1352595770982726e-05
12.2,2.388769201598684e-05
12.3,2.314120164048725e-05
12.4,2.1648220889488073e-05
12.5,2.0155240138488893e-05
12.6,2.314120164048725e-05
12.7,1.716927863649054e-05
12.8,1.5676297885491363e-05
12.9,1.97819949507391e-05
13.0,1.6796033448740746e-05
13.1,1.9408749762989305e-05
13.2,1.6796033448740746e-05
13.3,1.97819949507391e-05
13.4,1.4929807509991773e-05
13.5,1.7542523824240334e-05
13.6,1.5676297885491363e-05
13.7,2.0528485326238688e-05
13.8,1.716927863649054e-05
13.9,1.5676297885491363e-05
14.0,1.4929807509991773e-05
14.1,1.903550457523951e-05
14.2,1.3436826758992596e-05
14.3,1.0824110444744037e-05
14.4,1.2317091195743214e-05
14.5,1.1197355632493831e-05
14.6,1.0450865256994241e-05
14.7,1.530305269774157e-05
14.8,1.4929807509991773e-05
14.9,1.4556562322241979e-05
15.0,1.4183317134492184e-05
15.1,1.194384600799342e-05
15.2,1.0450865256994241e-05
15.3,1.194384600799342e-05
15.4,1.194384600799342e-05
15.5,1.1570600820243625e-05
15.6,1.4183317134492184e-05
15.7,1.2317091195743214e-05
15.8,1.6049543073241157e-05
15.9,1.7542523824240334e-05
16.0,2.0901730513988482e-05
16.1,2.0155240138488893e-05
16.2,1.6049543073241157e-05
16.3,1.4556562322241979e-05
16.4,2.0528485326238688e-05
16.5,1.6796033448740746e-05
16.6,1.6796033448740746e-05
16.7,1.642278826099095e-05
16.8,2.0901730513988482e-05
16.9,1.530305269774157e-05
17.0,1.4183317134492184e-05
17.1,1.1570600820243625e-05
17.2,1.4929807509991773e-05
17.3,1.381007194674239e-05
17.4,1.4183317134492184e-05
17.5,1.381007194674239e-05
17.6,1.6049543073241157e-05
17.7,1.3063581571242802e-05
17.8,1.2317091195743214e-05
17.9,1.1197355632493831e-05
18.0,1.4929807509991773e-05
18.1,1.4929807509991773e-05
18.2,1.3436826758992596e-05
18.3,9.704374881494652e-06
18.4,1.2690336383493008e-05
18.5,1.0824110444744037e-05
18.6,8.58463931824527e-06
18.7,9.704374881494652e-06
18.8,8.211394130495476e-06
18.9,6.718413379496298e-06
19.0,5.2254326284971204e-06
19.1,6.718413379496298e-06
19.2,8.957884505995064e-06
19.3,7.4649037549958864e-06
19.4,8.211394130495476e-06
19.5,1.0450865256994241e-05
19.6,7.091658567246092e-06
19.7,1.194384600799342e-05
19.8,1.0077620069244447e-05
19.9,1.0824110444744037e-05
20.0,7.4649037549958864e-06
20.1,1.2317091195743214e-05
20.2,1.1570600820243625e-05
20.3,1.3436826758992596e-05
20.4,1.0450865256994241e-05
20.5,8.957884505995064e-06
20.6,7.4649037549958864e-06
20.7,7.091658567246092e-06
20.8,5.2254326284971204e-06
20.9,5.5986778162469155e-06
21.0,5.5986778162469155e-06
21.1,6.345168191746504e-06
21.2,4.105697065247738e-06
21.3,6.718413379496298e-06
21.4,8.211394130495476e-06
21.5,7.091658567246092e-06
21.6,8.957884505995064e-06
21.7,7.4649037549958864e-06
21.8,7.091658567246092e-06
21.9,7.4649037549958864e-06
22.0,1.2317091195743214e-05
22.1,7.091658567246092e-06
22.2,8.211394130495476e-06
22.3,5.5986778162469155e-06
22.4,6.718413379496298e-06
22.5,2.985961501998355e-06
22.6,6.345168191746504e-06
22.7,3.359206689748149e-06
22.8,3.359206689748149e-06
22.9,5.97192300399671e-06
23.0,4.852187440747326e-06
23.1,6.718413379496298e-06
23.2,5.2254326284971204e-06
23.3,9.704374881494652e-06
23.4,6.345168191746504e-06
23.5,4.478942252997532e-06
23.6,2.985961501998355e-06
23.7,2.985961501998355e-06
23.8,3.359206689748149e-06
23.9,3.7324518774979432e-06
24.0,2.239471126498766e-06
24.1,4.852187440747326e-06
24.2,4.478942252997532e-06
24.3,4.105697065247738e-06
24.4,4.105697065247738e-06
24.5,3.359206689748149e-06
24.6,5.97192300399671e-06
24.7,5.2254326284971204e-06
24.8,5.2254326284971204e-06
24.9,2.985961501998355e-06
25.0,6.345168191746504e-06
25.1,8.211394130495476e-06
25.2,5.97192300399671e-06
25.3,4.478942252997532e-06
25.4,6.718413379496298e-06
25.5,6.345168191746504e-06
25.6,5.97192300399671e-06
25.7,5.97192300399671e-06
25.8,5.97192300399671e-06
25.9,6.718413379496298e-06
26.0,6.345168191746504e-06
26.1,2.985961501998355e-06
26.2,4.478942252997532e-06
26.3,5.2254326284971204e-06
26.4,5.2254326284971204e-06
26.5,6.345168191746504e-06
26.6,3.359206689748149e-06
26.7,4.852187440747326e-06
26.8,2.985961501998355e-06
26.9,3.7324518774979432e-06
27.0,3.359206689748149e-06
27.1,4.478942252997532e-06
27.2,3.7324518774979432e-06
27.3,5.2254326284971204e-06
27.4,4.852187440747326e-06
27.5,6.718413379496298e-06
27.6,4.105697065247738e-06
27.7,1.8662259387489716e-06
27.8,3.7324518774979432e-06
27.9,3.359206689748149e-06
28.0,3.359206689748149e-06
28.1,2.985961501998355e-06
28.2,2.6127163142485602e-06
28.3,3.359206689748149e-06
28.4,3.7324518774979432e-06
28.5,2.239471126498766e-06
28.6,5.5986778162469155e-06
28.7,3.359206689748149e-06
28.8,3.7324518774979432e-06
28.9,2.6127163142485602e-06
29.0,3.7324518774979432e-06
29.1,3.359206689748149e-06
29.2,2.239471126498766e-06
29.3,2.6127163142485602e-06
29.4,1.8662259387489716e-06
29.5,1.119735563249383e-06
29.6,2.6127163142485602e-06
29.7,1.8662259387489716e-06
29.8,3.7324518774979432e-06
29.9,2.985961501998355e-06
30.0,3.7324518774979432e-06
30.1,2.239471126498766e-06
30.2,5.2254326284971204e-06
30.3,3.359206689748149e-06
30.4,3.7324518774979432e-06
30.5,4.105697065247738e-06
30.6,3.359206689748149e-06
30.7,3.359206689748149e-06
30.8,2.6127163142485602e-06
30.9,4.105697065247738e-06
31.0,4.478942252997532e-06
31.1,4.478942252997532e-06
31.2,4.105697065247738e-06
31.3,4.105697065247738e-06
31.4,4.852187440747326e-06
31.5,1.8662259387489716e-06
31.6,4.852187440747326e-06
31.7,2.239471126498766e-06
31.8,5.5986778162469155e-06
31.9,5.97192300399671e-06
32.0,2.6127163142485602e-06
32.1,4.852187440747326e-06
32.2,4.852187440747326e-06
32.3,2.6127163142485602e-06
32.4,2.6127163142485602e-06
32.5,2.6127163142485602e-06
32.6,3.359206689748149e-06
32.7,3.7324518774979432e-06
32.8,3.7324518774979432e-06
32.9,1.4929807509991774e-06
33.0,1.119735563249383e-06
33.1,1.4929807509991774e-06
33.2,1.8662259387489716e-06
33.3,1.4929807509991774e-06
33.4,2.239471126498766e-06
33.5,2.6127163142485602e-06
33.6,2.985961501998355e-06
33.7,2.239471126498766e-06
33.8,2.6127163142485602e-06
33.9,2.985961501998355e-06
34.0,3.359206689748149e-06
34.1,1.4929807509991774e-06
34.2,1.4929807509991774e-06
34.3,2.239471126498766e-06
34.4,1.8662259387489716e-06
34.5,1.8662259387489716e-06
34.6,1.119735563249383e-06
34.7,2.239471126498766e-06
34.8,1.8662259387489716e-06
34.9,1.8662259387489716e-06
35.0,1.8662259387489716e-06
35.1,2.6127163142485602e-06
35.2,1.4929807509991774e-06
35.3,2.6127163142485602e-06
35.4,2.239471126498766e-06
35.5,4.105697065247738e-06
35.6,4.105697065247738e-06
35.7,3.359206689748149e-06
35.8,3.359206689748149e-06
35.9,2.6127163142485602e-06
36.0,2.6127163142485602e-06
36.1,4.478942252997532e-06
36.2,2.239471126498766e-06
36.3,2.239471126498766e-06
36.4,2.6127163142485602e-06
36.5,1.4929807509991774e-06
36.6,1.119735563249383e-06
36.7,3.7324518774979435e-07
36.8,3.7324518774979435e-07
36.9,3.7324518774979435e-07
37.0,1.119735563249383e-06
37.1,1.8662259387489716e-06
37.2,3.7324518774979435e-07
37.3,2.239471126498766e-06
37.4,2.239471126498766e-06
37.5,1.8662259387489716e-06
37.6,1.8662259387489716e-06
37.7,1.4929807509991774e-06
37.8,1.8662259387489716e-06
37.9,3.7324518774979435e-07
38.0,2.239471126498766e-06
38.1,1.119735563249383e-06
38.2,1.8662259387489716e-06
38.3,1.8662259387489716e-06
38.4,2.6127163142485602e-06
38.5,1.4929807509991774e-06
38.7,1.119735563249383e-06
38.8,1.8662259387489716e-06
38.9,3.7324518774979435e-07
39.0,1.119735563249383e-06
39.1,1.8662259387489716e-06
39.2,1.119735563249383e-06
39.3,1.119735563249383e-06
39.4,2.6127163142485602e-06
39.6,1.8662259387489716e-06
39.7,1.119735563249383e-06
39.8,7.464903754995887e-07
39.9,7.464903754995887e-07
40.0,3.7324518774979435e-07
40.2,3.7324518774979435e-07
40.3,1.4929807509991774e-06
40.4,7.464903754995887e-07
40.5,3.7324518774979435e-07
40.6,7.464903754995887e-07
40.7,7.464903754995887e-07
40.8,7.464903754995887e-07
40.9,7.464903754995887e-07
41.1,3.7324518774979435e-07
41.2,3.7324518774979435e-07
41.3,7.464903754995887e-07
41.4,1.8662259387489716e-06
41.5,7.464903754995887e-07
41.6,3.7324518774979435e-07
41.7,7.464903754995887e-07
41.8,7.464903754995887e-07
41.9,3.7324518774979435e-07
42.1,1.119735563249383e-06
42.2,3.7324518774979435e-07
42.3,2.6127163142485602e-06
42.5,1.119735563249383e-06
42.6,7.464903754995887e-07
42.8,3.7324518774979435e-07
42.9,1.119735563249383e-06
43.0,1.119735563249383e-06
43.2,3.7324518774979435e-07
43.4,3.7324518774979435e-07
43.5,1.8662259387489716e-06
43.6,3.7324518774979435e-07
43.7,3.7324518774979435e-07
43.8,3.7324518774979435e-07
43.9,3.7324518774979435e-07
44.0,1.4929807509991774e-06
44.1,7.464903754995887e-07
44.2,1.119735563249383e-06
44.4,3.7324518774979435e-07
44.5,3.7324518774979435e-07
44.6,3.7324518774979435e-07
44.7,7.464903754995887e-07
44.9,7.464903754995887e-07
45.1,3.7324518774979435e-07
45.3,3.7324518774979435e-07
45.4,7.464903754995887e-07
45.5,3.7324518774979435e-07
45.7,1.119735563249383e-06
46.1,3.7324518774979435e-07
46.3,3.7324518774979435e-07
46.4,3.7324518774979435e-07
46.6,3.7324518774979435e-07
46.9,3.7324518774979435e-07
47.0,7.464903754995887e-07
47.2,3.7324518774979435e-07
47.5,3.7324518774979435e-07
47.7,7.464903754995887e-07
47.9,3.7324518774979435e-07
48.3,3.7324518774979435e-07
48.4,3.7324518774979435e-07
48.7,3.7324518774979435e-07
48.9,3.7324518774979435e-07
49.0,3.7324518774979435e-07
49.3,1.119735563249383e-06
49.6,3.7324518774979435e-07
49.7,3.7324518774979435e-07
49.8,3.7324518774979435e-07
50.1,3.7324518774979435e-07
50.2,3.7324518774979435e-07
50.3,3.7324518774979435e-07
50.4,1.4929807509991774e-06
50.5,1.119735563249383e-06
50.6,7.464903754995887e-07
50.7,3.7324518774979435e-07
50.8,7.464903754995887e-07
50.9,7.464903754995887e-07
51.1,3.7324518774979435e-07
51.4,3.7324518774979435e-07
51.7,3.7324518774979435e-07
52.1,1.119735563249383e-06
52.3,3.7324518774979435e-07
52.4,7.464903754995887e-07
52.5,3.7324518774979435e-07
52.7,7.464903754995887e-07
53.0,1.4929807509991774e-06
53.1,7.464903754995887e-07
53.2,7.464903754995887e-07
53.3,7.464903754995887e-07
53.4,7.464903754995887e-07
53.5,3.7324518774979435e-07
53.6,3.7324518774979435e-07
53.7,3.7324518774979435e-07
53.8,3.7324518774979435e-07
54.0,1.119735563249383e-06
54.3,3.7324518774979435e-07
54.4,3.7324518774979435e-07
54.5,3.7324518774979435e-07
54.6,7.464903754995887e-07
54.7,7.464903754995887e-07
55.3,3.7324518774979435e-07
55.5,7.464903754995887e-07
55.6,7.464903754995887e-07
55.7,3.7324518774979435e-07
55.8,3.7324518774979435e-07
55.9,3.7324518774979435e-07
56.1,3.7324518774979435e-07
56.4,3.7324518774979435e-07
56.5,3.7324518774979435e-07
56.7,3.7324518774979435e-07
56.8,7.464903754995887e-07
56.9,7.464903754995887e-07
57.1,3.7324518774979435e-07
57.2,3.7324518774979435e-07
57.3,3.7324518774979435e-07
57.4,3.7324518774979435e-07
57.5,7.464903754995887e-07
57.6,1.119735563249383e-06
57.7,3.7324518774979435e-07
57.8,3.7324518774979435e-07
57.9,7.464903754995887e-07
58.0,1.119735563249383e-06
58.1,1.119735563249383e-06
58.2,3.7324518774979435e-07
58.3,7.464903754995887e-07
58.4,3.7324518774979435e-07
58.5,3.7324518774979435e-07
58.6,3.7324518774979435e-07
58.8,3.7324518774979435e-07
58.9,1.119735563249383e-06
59.0,7.464903754995887e-07
59.1,3.7324518774979435e-07
59.2,7.464903754995887e-07
59.3,7.464903754995887e-07
59.4,7.464903754995887e-07
59.5,7.464903754995887e-07
59.8,3.7324518774979435e-07
60.0,3.7324518774979435e-07
60.5,3.7324518774979435e-07
60.9,7.464903754995887e-07
61.0,3.7324518774979435e-07
61.3,7.464903754995887e-07
61.4,3.7324518774979435e-07
61.6,3.7324518774979435e-07
61.7,3.7324518774979435e-07
61.8,3.7324518774979435e-07
62.0,3.7324518774979435e-07
62.3,3.7324518774979435e-07
62.6,7.464903754995887e-07
62.7,3.7324518774979435e-07
62.8,7.464903754995887e-07
63.1,7.464903754995887e-07
63.3,3.7324518774979435e-07
63.4,3.7324518774979435e-07
63.5,3.7324518774979435e-07
63.6,3.7324518774979435e-07
63.8,3.7324518774979435e-07
63.9,3.7324518774979435e-07
64.3,3.7324518774979435e-07
64.4,3.7324518774979435e-07
64.5,3.7324518774979435e-07
64.7,7.464903754995887e-07
64.8,7.464903754995887e-07
64.9,3.7324518774979435e-07
65.0,3.7324518774979435e-07
65.1,7.464903754995887e-07
65.2,3.7324518774979435e-07
65.5,3.7324518774979435e-07
65.9,3.7324518774979435e-07
66.1,3.7324518774979435e-07
66.2,3.7324518774979435e-07
66.3,7.464903754995887e-07
66.5,3.7324518774979435e-07
66.8,3.7324518774979435e-07
66.9,3.7324518774979435e-07
67.0,3.7324518774979435e-07
67.1,3.7324518774979435e-07
67.2,3.7324518774979435e-07
67.3,3.7324518774979435e-07
67.4,7.464903754995887e-07
67.5,7.464903754995887e-07
67.6,7.464903754995887e-07
67.9,3.7324518774979435e-07
68.0,3.7324518774979435e-07
68.3,3.7324518774979435e-07
68.4,3.7324518774979435e-07
68.6,3.7324518774979435e-07
68.8,3.7324518774979435e-07
70.0,7.464903754995887e-07
70.1,3.7324518774979435e-07
70.2,7.464903754995887e-07
70.3,3.7324518774979435e-07
71.2,3.7324518774979435e-07
72.3,3.7324518774979435e-07
72.4,3.7324518774979435e-07
72.5,7.464903754995887e-07
72.6,1.119735563249383e-06
72.8,7.464903754995887e-07
72.9,3.7324518774979435e-07
73.0,1.119735563249383e-06
73.1,3.7324518774979435e-07
73.2,3.7324518774979435e-07
73.3,3.7324518774979435e-07
73.4,7.464903754995887e-07
73.5,3.7324518774979435e-07
73.9,7.464903754995887e-07
74.4,7.464903754995887e-07
74.6,3.7324518774979435e-07
75.0,3.7324518774979435e-07
75.1,3.7324518774979435e-07
75.3,3.7324518774979435e-07
75.6,3.7324518774979435e-07
75.7,3.7324518774979435e-07
75.8,3.7324518774979435e-07
75.9,3.7324518774979435e-07
76.0,7.464903754995887e-07
76.1,3.7324518774979435e-07
76.2,3.7324518774979435e-07
76.4,3.7324518774979435e-07
76.7,3.7324518774979435e-07
77.0,3.7324518774979435e-07
77.7,3.7324518774979435e-07
77.8,7.464903754995887e-07
77.9,3.7324518774979435e-07
78.4,3.7324518774979435e-07
78.5,3.7324518774979435e-07
79.2,7.464903754995887e-07
79.3,3.7324518774979435e-07
80.1,3.7324518774979435e-07
80.2,3.7324518774979435e-07
80.3,3.7324518774979435e-07
80.4,7.464903754995887e-07
80.5,3.7324518774979435e-07
83.7,3.7324518774979435e-07
84.3,3.7324518774979435e-07
84.5,3.7324518774979435e-07
86.0,3.7324518774979435e-07
89.0,3.7324518774979435e-07
89.5,3.7324518774979435e-07
89.8,3.7324518774979435e-07
90.0,3.7324518774979435e-07
91.0,3.7324518774979435e-07
91.6,3.7324518774979435e-07
92.2,3.7324518774979435e-07
93.1,3.7324518774979435e-07
95.4,3.7324518774979435e-07
95.5,7.464903754995887e-07
96.3,3.7324518774979435e-07
96.5,3.7324518774979435e-07
96.6,3.7324518774979435e-07
96.7,3.7324518774979435e-07
96.8,7.464903754995887e-07
97.0,1.4929807509991774e-06
97.1,3.7324518774979435e-07
97.2,3.7324518774979435e-07
97.3,7.464903754995887e-07
97.5,3.7324518774979435e-07
97.7,3.7324518774979435e-07
97.8,3.7324518774979435e-07
97.9,1.119735563249383e-06
98.0,7.464903754995887e-07
98.1,1.4929807509991774e-06
98.2,7.464903754995887e-07
98.3,3.7324518774979435e-07
98.4,3.7324518774979435e-07
98.5,1.119735563249383e-06
98.6,7.464903754995887e-07
98.7,3.7324518774979435e-07
98.8,3.7324518774979435e-07
99.5,3.7324518774979435e-07
99.6,3.7324518774979435e-07
99.7,3.7324518774979435e-07
100.2,3.7324518774979435e-07
100.6,3.7324518774979435e-07
100.9,7.464903754995887e-07
101.1,7.464903754995887e-07
101.2,3.7324518774979435e-07
101.3,3.7324518774979435e-07
101.4,3.7324518774979435e-07
102.0,1.4929807509991774e-06
102.3,3.7324518774979435e-07
102.4,3.7324518774979435e-07
102.6,3.7324518774979435e-07
103.2,3.7324518774979435e-07
103.3,7.464903754995887e-07
103.4,7.464903754995887e-07
103.6,7.464903754995887e-07
103.7,1.119735563249383e-06
103.8,7.464903754995887e-07
103.9,7.464903754995887e-07
104.0,3.7324518774979435e-07
104.1,7.464903754995887e-07
104.2,3.7324518774979435e-07
104.3,1.119735563249383e-06
104.4,1.119735563249383e-06
104.5,7.464903754995887e-07
104.6,3.7324518774979435e-07
104.8,3.7324518774979435e-07
104.9,7.464903754995887e-07
105.0,3.7324518774979435e-07
105.1,3.7324518774979435e-07
105.2,7.464903754995887e-07
105.3,1.119735563249383e-06
105.4,3.7324518774979435e-07
105.5,1.119735563249383e-06
105.6,7.464903754995887e-07
105.7,3.7324518774979435e-07
105.8,3.7324518774979435e-07
106.0,1.119735563249383e-06
106.1,3.7324518774979435e-07
106.2,3.7324518774979435e-07
106.3,1.119735563249383e-06
106.4,3.7324518774979435e-07
106.5,3.7324518774979435e-07
106.6,3.7324518774979435e-07
106.7,7.464903754995887e-07
106.8,7.464903754995887e-07
106.9,7.464903754995887e-07
107.2,1.4929807509991774e-06
107.3,1.119735563249383e-06
107.4,3.7324518774979435e-07
107.5,1.119735563249383e-06
107.6,3.7324518774979435e-07
107.8,3.7324518774979435e-07
107.9,1.4929807509991774e-06
108.0,1.4929807509991774e-06
108.1,3.7324518774979435e-07
108.3,3.7324518774979435e-07
108.4,7.464903754995887e-07
108.5,3.7324518774979435e-07
108.7,3.7324518774979435e-07
108.9,3.7324518774979435e-07
109.1,3.7324518774979435e-07
109.2,3.7324518774979435e-07
109.3,7.464903754995887e-07
109.4,3.7324518774979435e-07
109.6,3.7324518774979435e-07
110.1,7.464903754995887e-07
110.3,3.7324518774979435e-07
110.4,3.7324518774979435e-07
110.6,3.7324518774979435e-07
110.7,3.7324518774979435e-07
111.1,3.7324518774979435e-07
111.3,3.7324518774979435e-07
111.7,3.7324518774979435e-07
112.3,3.7324518774979435e-07
112.7,3.7324518774979435e-07
113.6,3.7324518774979435e-07
113.8,3.7324518774979435e-07
114.0,3.7324518774979435e-07
114.4,3.7324518774979435e-07
115.2,3.7324518774979435e-07
115.4,3.7324518774979435e-07
115.6,3.7324518774979435e-07
115.7,7.464903754995887e-07
115.9,3.7324518774979435e-07
116.1,7.464903754995887e-07
116.2,7.464903754995887e-07
116.4,1.119735563249383e-06
116.5,7.464903754995887e-07
116.6,3.7324518774979435e-07
116.7,7.464903754995887e-07
116.9,7.464903754995887e-07
117.0,3.7324518774979435e-07
117.1,7.464903754995887e-07
117.2,3.7324518774979435e-07
117.3,3.7324518774979435e-07
117.4,3.7324518774979435e-07
117.6,3.7324518774979435e-07
117.8,3.7324518774979435e-07
117.9,3.7324518774979435e-07
118.1,3.7324518774979435e-07
118.3,3.7324518774979435e-07
118.5,3.7324518774979435e-07
118.6,7.464903754995887e-07
118.8,3.7324518774979435e-07
118.9,3.7324518774979435e-07
120.0,7.464903754995887e-07
120.3,3.7324518774979435e-07
120.6,3.7324518774979435e-07
120.8,3.7324518774979435e-07
121.6,3.7324518774979435e-07
122.9,3.7324518774979435e-07
123.7,3.7324518774979435e-07
124.3,3.7324518774979435e-07
128.1,3.7324518774979435e-07
136.0,3.7324518774979435e-07
136.1,3.7324518774979435e-07
136.8,3.7324518774979435e-07
137.4,3.7324518774979435e-07
137.9,3.7324518774979435e-07
138.0,3.7324518774979435e-07
138.9,7.464903754995887e-07
139.3,3.7324518774979435e-07
140.7,7.464903754995887e-07
141.2,3.7324518774979435e-07
142.7,3.7324518774979435e-07
151.4,3.7324518774979435e-07
151.6,3.7324518774979435e-07
151.7,3.7324518774979435e-07
152.2,3.7324518774979435e-07
152.3,3.7324518774979435e-07
152.4,3.7324518774979435e-07
152.5,3.7324518774979435e-07
152.8,3.7324518774979435e-07
153.0,7.464903754995887e-07
153.2,3.7324518774979435e-07
153.6,3.7324518774979435e-07
153.7,3.7324518774979435e-07
153.8,3.7324518774979435e-07
153.9,3.7324518774979435e-07
154.0,3.7324518774979435e-07
154.7,3.7324518774979435e-07
154.8,3.7324518774979435e-07
155.2,3.7324518774979435e-07
155.3,7.464903754995887e-07
155.8,3.7324518774979435e-07
155.9,3.7324518774979435e-07
156.2,3.7324518774979435e-07
156.7,3.7324518774979435e-07
156.8,3.7324518774979435e-07
162.4,3.7324518774979435e-07
163.0,3.7324518774979435e-07
163.3,3.7324518774979435e-07
163.9,3.7324518774979435e-07
164.2,3.7324518774979435e-07
165.4,3.7324518774979435e-07
165.6,3.7324518774979435e-07
170.6,3.7324518774979435e-07
170.8,3.7324518774979435e-07
171.1,3.7324518774979435e-07
171.4,3.7324518774979435e-07
171.6,3.7324518774979435e-07
172.3,3.7324518774979435e-07
173.0,3.7324518774979435e-07
173.9,3.7324518774979435e-07
174.4,3.7324518774979435e-07
175.0,3.7324518774979435e-07
175.4,3.7324518774979435e-07
175.7,3.7324518774979435e-07
176.3,3.7324518774979435e-07
176.6,3.7324518774979435e-07
176.8,3.7324518774979435e-07
177.4,3.7324518774979435e-07
178.0,3.7324518774979435e-07
178.2,3.7324518774979435e-07
178.5,3.7324518774979435e-07
179.3,3.7324518774979435e-07
182.4,3.7324518774979435e-07
187.1,3.7324518774979435e-07
187.5,3.7324518774979435e-07
187.7,3.7324518774979435e-07
195.1,3.7324518774979435e-07
195.6,3.7324518774979435e-07
195.9,3.7324518774979435e-07
196.1,3.7324518774979435e-07
204.9,3.7324518774979435e-07
205.0,3.7324518774979435e-07
205.2,3.7324518774979435e-07
206.3,3.7324518774979435e-07
206.5,3.7324518774979435e-07
215.5,3.7324518774979435e-07
228.5,3.7324518774979435e-07
228.6,3.7324518774979435e-07
234.9,3.7324518774979435e-07
235.3,7.464903754995887e-07
235.4,3.7324518774979435e-07
235.6,7.464903754995887e-07
236.0,3.7324518774979435e-07
236.9,3.7324518774979435e-07
237.1,3.7324518774979435e-07
237.2,3.7324518774979435e-07
248.9,3.7324518774979435e-07
249.1,3.7324518774979435e-07
249.2,3.7324518774979435e-07
249.6,3.7324518774979435e-07
249.9,3.7324518774979435e-07
250.1,3.7324518774979435e-07
250.3,3.7324518774979435e-07
250.4,3.7324518774979435e-07
250.5,3.7324518774979435e-07
250.7,3.7324518774979435e-07
250.9,3.7324518774979435e-07
251.0,3.7324518774979435e-07
251.4,3.7324518774979435e-07
254.3,3.7324518774979435e-07
259.8,3.7324518774979435e-07
260.4,7.464903754995887e-07
268.3,3.7324518774979435e-07
271.6,3.7324518774979435e-07
277.7,3.7324518774979435e-07
299.9,7.464903754995887e-07
300.6,3.7324518774979435e-07
300.7,1.119735563249383e-06
301.0,3.7324518774979435e-07
301.2,3.7324518774979435e-07
301.4,3.7324518774979435e-07
301.5,7.464903754995887e-07
302.1,3.7324518774979435e-07
318.4,3.7324518774979435e-07
322.8,3.7324518774979435e-07
323.6,3.7324518774979435e-07
323.7,3.7324518774979435e-07
324.0,3.7324518774979435e-07
324.1,7.464903754995887e-07
324.2,7.464903754995887e-07
324.4,3.7324518774979435e-07
324.5,1.119735563249383e-06
324.6,3.7324518774979435e-07
372.2,3.7324518774979435e-07
821.8,3.7324518774979435e-07
949.0,3.7324518774979435e-07
1202.3,3.7324518774979435e-07
1309.6,3.7324518774979435e-07
inf,0.9865810890100194
